{
  "India": {
    "Andhra Pradesh": [
      "Visakhapatnam",
      "Vijayawada (NTR)",
      "Guntur",
      "Krishna",
      "West Godavari",
      "East Godavari",
      "Nellore",
      "Chittoor",
      "Kadapa (YSR)",
      "Anantapur",
      "Kurnool",
      "Srikakulam",
      "Prakasam",
      "YSR Kadapa",
      "Bapatla"
    ],
    "Arunachal Pradesh": [
      "Tawang",
      "West Kameng",
      "East Kameng",
      "Papum Pare",
      "Lower Subansiri",
      "Upper Subansiri",
      "West Siang",
      "East Siang",
      "Upper Siang",
      "Changlang",
      "Tirap",
      "Longding",
      "Leparada",
      "Lower Dibang Valley",
      "Anjaw"
    ],
    "Assam": [
      "Kamrup Metro",
      "Kamrup",
      "Dibrugarh",
      "Jorhat",
      "Tinsukia",
      "Cachar",
      "Nagaon",
      "Sonitpur",
      "Barpeta",
      "Nalbari",
      "Golaghat",
      "Sivasagar",
      "Dhubri",
      "Bongaigaon",
      "Morigaon"
    ],
    "Bihar": [
      "Patna",
      "Gaya",
      "Nalanda",
      "Bhagalpur",
      "Muzaffarpur",
      "Darbhanga",
      "Purnea",
      "Bhojpur",
      "Siwan",
      "Begusarai",
      "Saran (Chapra)",
      "Samastipur",
      "Munger",
      "Rohtas",
      "West Champaran"
    ],
    "Chhattisgarh": [
      "Raipur",
      "Bilaspur",
      "Durg",
      "Bastar",
      "Korba",
      "Raigarh",
      "Surguja",
      "Kanker",
      "Dantewada",
      "Janjgir-Champa",
      "Mahasamund",
      "Sukma",
      "Rajnandgaon",
      "Koriya",
      "Kabirdham (Kawardha)"
    ],
    "Goa": [
      "North Goa",
      "South Goa"
    ],
    "Gujarat": [
      "Ahmedabad",
      "Surat",
      "Vadodara",
      "Rajkot",
      "Jamnagar",
      "Bhavnagar",
      "Gandhinagar",
      "Kutch",
      "Anand",
      "Patan",
      "Narmada",
      "Junagadh",
      "Porbandar",
      "Mehsana",
      "Valsad"
    ],
    "Haryana": [
      "Gurugram",
      "Faridabad",
      "Hisar",
      "Panipat",
      "Karnal",
      "Sonipat",
      "Rohtak",
      "Ambala",
      "Yamunanagar",
      "Sirsa",
      "Jind",
      "Bhiwani",
      "Kaithal",
      "Panchkula",
      "Nuh (Mewat)"
    ],
    "Himachal Pradesh": [
      "Shimla",
      "Kangra",
      "Mandi",
      "Kullu",
      "Solan",
      "Bilaspur",
      "Chamba",
      "Sirmaur",
      "Hamirpur",
      "Una",
      "Kinnaur",
      "Lahaul and Spiti",
      "Kangra (Dharamshala)",
      "Mandi (Sundernagar)",
      "Shimla Rural"
    ],
    "Jharkhand": [
      "Ranchi",
      "East Singhbhum (Jamshedpur)",
      "Dhanbad",
      "Bokaro",
      "Hazaribagh",
      "Giridih",
      "Deoghar",
      "Palamu",
      "Gumla",
      "Chatra",
      "Godda",
      "Sahebganj",
      "Latehar",
      "Simdega",
      "Ramgarh"
    ],
    "Karnataka": [
      "Bengaluru Urban",
      "Mysuru",
      "Dakshina Kannada (Mangaluru)",
      "Dharwad",
      "Belagavi",
      "Ballari",
      "Tumakuru",
      "Shivamogga",
      "Kalaburagi",
      "Raichur",
      "Udupi",
      "Chikkamagaluru",
      "Hassan",
      "Bidar",
      "Vijayapura"
    ],
    "Kerala": [
      "Thiruvananthapuram",
      "Kollam",
      "Pathanamthitta",
      "Alappuzha",
      "Kottayam",
      "Idukki",
      "Ernakulam",
      "Thrissur",
      "Palakkad",
      "Kozhikode",
      "Malappuram",
      "Wayanad",
      "Kannur",
      "Kasaragod",
      "Vadakara"
    ],
    "Madhya Pradesh": [
      "Bhopal",
      "Indore",
      "Gwalior",
      "Jabalpur",
      "Ujjain",
      "Sagar",
      "Rewa",
      "Satna",
      "Chhindwara",
      "Ratlam",
      "Harda",
      "Dewas",
      "Seoni",
      "Bhind",
      "Shahdol"
    ],
    "Maharashtra": [
      "Mumbai",
      "Pune",
      "Nagpur",
      "Nashik",
      "Thane",
      "Chhatrapati Sambhajinagar (Aurangabad)",
      "Kolhapur",
      "Solapur",
      "Amravati",
      "Latur",
      "Akola",
      "Jalna",
      "Kalyan-Dombivli",
      "Nanded",
      "Palghar"
    ],
    "Manipur": [
      "Imphal East",
      "Imphal West",
      "Thoubal",
      "Bishnupur",
      "Churachandpur",
      "Senapati",
      "Tamenglong",
      "Ukhrul",
      "Kakching",
      "Kangpokpi",
      "Jiribam",
      "Noney",
      "Kamjong",
      "Pherzawl",
      "Tengnoupal"
    ],
    "Meghalaya": [
      "East Khasi Hills",
      "West Khasi Hills",
      "Ri Bhoi",
      "East Garo Hills",
      "West Garo Hills",
      "South Garo Hills",
      "South West Khasi Hills",
      "North Garo Hills",
      "West Jaintia Hills",
      "East Jaintia Hills",
      "Mawryngkneng",
      "Nongpoh",
      "Baghmara",
      "Resubelpara",
      "Williamnagar"
    ],
    "Mizoram": [
      "Aizawl",
      "Lunglei",
      "Champhai",
      "Serchhip",
      "Lawngtlai",
      "Mamit",
      "Kolasib",
      "Saitual",
      "Hnahthial",
      "Khawzawl"
    ],
    "Nagaland": [
      "Kohima",
      "Dimapur",
      "Mokokchung",
      "Tuensang",
      "Wokha",
      "Zunheboto",
      "Phek",
      "Mon",
      "Kiphire",
      "Longleng"
    ],
    "Odisha": [
      "Khurda (Bhubaneswar)",
      "Cuttack",
      "Puri",
      "Ganjam",
      "Sambalpur",
      "Balasore",
      "Jajpur",
      "Mayurbhanj",
      "Keonjhar",
      "Sundargarh",
      "Bargarh",
      "Nabarangpur",
      "Koraput",
      "Rayagada",
      "Jharsuguda"
    ],
    "Punjab": [
      "Amritsar",
      "Ludhiana",
      "Jalandhar",
      "Patiala",
      "Bathinda",
      "Mohali",
      "Gurdaspur",
      "Hoshiarpur",
      "Ferozepur",
      "Sangrur",
      "Barnala",
      "Tarn Taran",
      "SBS Nagar (Nawanshahr)",
      "Pathankot",
      "Moga"
    ],
    "Rajasthan": [
      "Jaipur",
      "Jodhpur",
      "Udaipur",
      "Kota",
      "Ajmer",
      "Bikaner",
      "Alwar",
      "Sikar",
      "Jhunjhunu",
      "Bharatpur",
      "Bhilwara",
      "Barmer",
      "Karauli",
      "Sawai Madhopur",
      "Nagaur"
    ],
    "Sikkim": [
      "Gangtok",
      "Gyalshing",
      "Mangan",
      "Namchi"
    ],
    "Tamil Nadu": [
      "Chennai",
      "Coimbatore",
      "Madurai",
      "Tiruchirappalli",
      "Salem",
      "Tirunelveli",
      "Vellore",
      "Erode",
      "Thanjavur",
      "Thoothukudi",
      "Kancheepuram",
      "Tiruppur",
      "Dindigul",
      "Nagapattinam",
      "Cuddalore"
    ],
    "Telangana": [
      "Hyderabad",
      "Ranga Reddy",
      "Medchal-Malkajgiri",
      "Warangal",
      "Nizamabad",
      "Khammam",
      "Karimnagar",
      "Nalgonda",
      "Sangareddy",
      "Mahabubnagar",
      "Adilabad",
      "Jagtial",
      "Kamareddy",
      "Siddipet",
      "Jangoan"
    ],
    "Tripura": [
      "West Tripura",
      "North Tripura",
      "South Tripura",
      "Dhalai",
      "Gomati",
      "Khowai",
      "Sepahijala",
      "Unakoti",
      "Jampui Hills",
      "Belonia"
    ],
    "Uttar Pradesh": [
      "Lucknow",
      "Kanpur",
      "Varanasi",
      "Prayagraj",
      "Agra",
      "Meerut",
      "Ghaziabad",
      "Gorakhpur",
      "Bareilly",
      "Moradabad",
      "Aligarh",
      "Mathura",
      "Saharanpur",
      "Firozabad",
      "Jhansi"
    ],
    "Uttarakhand": [
      "Dehradun",
      "Haridwar",
      "Nainital",
      "Udham Singh Nagar",
      "Tehri Garhwal",
      "Pauri Garhwal",
      "Chamoli",
      "Almora",
      "Pithoragarh",
      "Rudraprayag",
      "Bageshwar",
      "Champawat",
      "Garhwal",
      "Nainital (Haldwani)",
      "Haridwar Rural"
    ],
    "West Bengal": [
      "Kolkata",
      "Howrah",
      "Hooghly",
      "Murshidabad",
      "Nadia",
      "North 24 Parganas",
      "South 24 Parganas",
      "Darjeeling",
      "Jalpaiguri",
      "Birbhum",
      "Bardhaman (Burdwan)",
      "Bankura",
      "Purulia",
      "Cooch Behar",
      "Uttar Dinajpur"
    ]
  }
}
