{
  "India": {
    "Andhra Pradesh": [
      "Anantapur",
      "Chittoor",
      "East Godavari",
      "Guntur",
      "Kadapa (YSR)",
      "Krishna",
      "Nellore",
      "Visakhapatnam",
      "Vijayawada (NTR)",
      "West Godavari"
    ],
    "Arunachal Pradesh": [
      "Changlang",
      "East Kameng",
      "East Siang",
      "Lower Subansiri",
      "Papum Pare",
      "Tawang",
      "Upper Siang",
      "Upper Subansiri",
      "West Kameng",
      "West Siang"
    ],
    "Assam": [
      "Barpeta",
      "Cachar",
      "Dibrugarh",
      "Jorhat",
      "Kamrup",
      "Kamrup Metro",
      "Nagaon",
      "Nalbari",
      "Sonitpur",
      "Tinsukia"
    ],
    "Bihar": [
      "Begusarai",
      "Bhagalpur",
      "Bhojpur",
      "Darbhanga",
      "Gaya",
      "Muzaffarpur",
      "Nalanda",
      "Patna",
      "Purnea",
      "Siwan"
    ],
    "Chhattisgarh": [
      "Bastar",
      "Bilaspur",
      "Dantewada",
      "Durg",
      "Janjgir-Champa",
      "Kanker",
      "Korba",
      "Raigarh",
      "Raipur",
      "Surguja"
    ],
    "Goa": [
      "North Goa",
      "South Goa"
    ],
    "Gujarat": [
      "Ahmedabad",
      "Anand",
      "Bhavnagar",
      "Gandhinagar",
      "Jamnagar",
      "Kutch",
      "Patan",
      "Rajkot",
      "Surat",
      "Vadodara"
    ],
    "Haryana": [
      "Ambala",
      "Faridabad",
      "Gurugram",
      "Hisar",
      "Karnal",
      "Panipat",
      "Rohtak",
      "Sirsa",
      "Sonipat",
      "Yamunanagar"
    ],
    "Himachal Pradesh": [
      "Bilaspur",
      "Chamba",
      "Hamirpur",
      "Kangra",
      "Kullu",
      "Mandi",
      "Shimla",
      "Sirmaur",
      "Solan",
      "Una"
    ],
    "Jharkhand": [
      "Bokaro",
      "Chatra",
      "Deoghar",
      "Dhanbad",
      "East Singhbhum (Jamshedpur)",
      "Giridih",
      "Gumla",
      "Hazaribagh",
      "Palamu",
      "Ranchi"
    ],
    "Karnataka": [
      "Ballari",
      "Belagavi",
      "Bengaluru Urban",
      "Dakshina Kannada (Mangaluru)",
      "Dharwad",
      "Kalaburagi",
      "Mysuru",
      "Raichur",
      "Shivamogga",
      "Tumakuru"
    ],
    "Kerala": [
      "Alappuzha",
      "Ernakulam",
      "Idukki",
      "Kollam",
      "Kottayam",
      "Kozhikode",
      "Palakkad",
      "Pathanamthitta",
      "Thiruvananthapuram",
      "Thrissur"
    ],
    "Madhya Pradesh": [
      "Bhopal",
      "Chhindwara",
      "Gwalior",
      "Indore",
      "Jabalpur",
      "Ratlam",
      "Rewa",
      "Sagar",
      "Satna",
      "Ujjain"
    ],
    "Maharashtra": [
      "Amravati",
      "Chhatrapati Sambhajinagar (Aurangabad)",
      "Kolhapur",
      "Latur",
      "Mumbai",
      "Nagpur",
      "Nashik",
      "Pune",
      "Solapur",
      "Thane"
    ],
    "Manipur": [
      "Bishnupur",
      "Churachandpur",
      "Imphal East",
      "Imphal West",
      "Kakching",
      "Kangpokpi",
      "Senapati",
      "Tamenglong",
      "Thoubal",
      "Ukhrul"
    ],
    "Meghalaya": [
      "East Garo Hills",
      "East Jaintia Hills",
      "East Khasi Hills",
      "North Garo Hills",
      "Ri Bhoi",
      "South Garo Hills",
      "South West Khasi Hills",
      "West Garo Hills",
      "West Jaintia Hills",
      "West Khasi Hills"
    ],
    "Mizoram": [
      "Aizawl",
      "Champhai",
      "Hnahthial",
      "Khawzawl",
      "Kolasib",
      "Lawngtlai",
      "Lunglei",
      "Mamit",
      "Saitual",
      "Serchhip"
    ],
    "Nagaland": [
      "Dimapur",
      "Kiphire",
      "Kohima",
      "Longleng",
      "Mokokchung",
      "Mon",
      "Phek",
      "Tuensang",
      "Wokha",
      "Zunheboto"
    ],
    "Odisha": [
      "Balasore",
      "Cuttack",
      "Ganjam",
      "Jajpur",
      "Khurda (Bhubaneswar)",
      "Keonjhar",
      "Mayurbhanj",
      "Puri",
      "Sambalpur",
      "Sundargarh"
    ],
    "Punjab": [
      "Amritsar",
      "Bathinda",
      "Ferozepur",
      "Gurdaspur",
      "Hoshiarpur",
      "Jalandhar",
      "Ludhiana",
      "Mohali",
      "Patiala",
      "Sangrur"
    ],
    "Rajasthan": [
      "Ajmer",
      "Alwar",
      "Bharatpur",
      "Bikaner",
      "Jaipur",
      "Jhunjhunu",
      "Jodhpur",
      "Kota",
      "Sikar",
      "Udaipur"
    ],
    "Sikkim": [
      "Gangtok",
      "Gyalshing",
      "Mangan",
      "Namchi"
    ],
    "Tamil Nadu": [
      "Chennai",
      "Coimbatore",
      "Erode",
      "Madurai",
      "Salem",
      "Thanjavur",
      "Thoothukudi",
      "Tiruchirappalli",
      "Tirunelveli",
      "Vellore"
    ],
    "Telangana": [
      "Hyderabad",
      "Karimnagar",
      "Khammam",
      "Mahabubnagar",
      "Medchal-Malkajgiri",
      "Nalgonda",
      "Nizamabad",
      "Ranga Reddy",
      "Sangareddy",
      "Warangal"
    ],
    "Tripura": [
      "Belonia",
      "Dhalai",
      "Gomati",
      "Jampui Hills",
      "Khowai",
      "North Tripura",
      "Sepahijala",
      "South Tripura",
      "Unakoti",
      "West Tripura"
    ],
    "Uttar Pradesh": [
      "Agra",
      "Bareilly",
      "Ghaziabad",
      "Gorakhpur",
      "Kanpur",
      "Lucknow",
      "Meerut",
      "Moradabad",
      "Prayagraj",
      "Varanasi"
    ],
    "Uttarakhand": [
      "Almora",
      "Chamoli",
      "Dehradun",
      "Haridwar",
      "Nainital",
      "Pauri Garhwal",
      "Pithoragarh",
      "Rudraprayag",
      "Tehri Garhwal",
      "Udham Singh Nagar"
    ],
    "West Bengal": [
      "Birbhum",
      "Darjeeling",
      "Hooghly",
      "Howrah",
      "Jalpaiguri",
      "Kolkata",
      "Murshidabad",
      "Nadia",
      "North 24 Parganas",
      "South 24 Parganas"
    ]
  }
}

